﻿Actions,WIID,Description,Type,Status,Date
,885914,Generate Yearly Report for Vendor,WI4,Open,2018-05-09
,685831,Verify Account Position,WI1,Open,2018-04-26
,842043,Process Vendor Invoice,WI3,Open,2019-01-03
,361751,Verify Account Position,WI1,Open,2018-08-25
,487683,Process Vendor Invoice,WI3,Open,2017-01-12
,554242,Research Client Check Copy,WI2,Open,2018-06-06
,932551,Verify Account Position,WI1,Open,2017-10-27
,576701,Verify Account Position,WI1,Open,2017-06-10
,637144,Generate Yearly Report for Vendor,WI4,Open,2018-03-05
,490892,Research Client Check Copy,WI2,Open,2017-08-01
,617395,Calculate Client Security Hash,WI5,Open,2018-07-12
,486211,Verify Account Position,WI1,Open,2017-09-14
,501004,Generate Yearly Report for Vendor,WI4,Open,2017-08-22
,564621,Verify Account Position,WI1,Open,2017-07-19
,806123,Process Vendor Invoice,WI3,Open,2017-01-05
,241952,Research Client Check Copy,WI2,Open,2018-04-06
,269312,Research Client Check Copy,WI2,Open,2017-12-17
,410675,Calculate Client Security Hash,WI5,Open,2018-10-03
,170852,Research Client Check Copy,WI2,Open,2018-03-28
,627351,Verify Account Position,WI1,Open,2018-07-05
,643703,Process Vendor Invoice,WI3,Open,2017-07-06
,305773,Process Vendor Invoice,WI3,Open,2017-09-14
,266534,Generate Yearly Report for Vendor,WI4,Open,2017-04-01
,905064,Generate Yearly Report for Vendor,WI4,Open,2018-06-18
,434852,Research Client Check Copy,WI2,Open,2017-04-04
,562603,Process Vendor Invoice,WI3,Open,2018-08-17
,689532,Research Client Check Copy,WI2,Open,2017-07-19
,792682,Research Client Check Copy,WI2,Open,2018-12-12
,589422,Research Client Check Copy,WI2,Open,2018-01-07
,867421,Verify Account Position,WI1,Open,2017-05-26
,183454,Generate Yearly Report for Vendor,WI4,Open,2018-09-16
,991794,Generate Yearly Report for Vendor,WI4,Open,2017-03-10
,807542,Research Client Check Copy,WI2,Open,2018-04-07
,361521,Verify Account Position,WI1,Open,2018-07-04
,628191,Verify Account Position,WI1,Open,2018-01-08
,347505,Calculate Client Security Hash,WI5,Open,2018-11-14
,698613,Process Vendor Invoice,WI3,Open,2018-04-12
,722574,Generate Yearly Report for Vendor,WI4,Open,2017-01-13
,377363,Process Vendor Invoice,WI3,Open,2017-12-29
,356592,Research Client Check Copy,WI2,Open,2017-05-31
,859745,Calculate Client Security Hash,WI5,Open,2018-04-01
,115181,Verify Account Position,WI1,Open,2017-10-07
,691165,Calculate Client Security Hash,WI5,Open,2018-05-02
,890882,Research Client Check Copy,WI2,Open,2017-10-06
,505404,Generate Yearly Report for Vendor,WI4,Open,2017-06-28
,489531,Verify Account Position,WI1,Open,2018-07-12
,518464,Generate Yearly Report for Vendor,WI4,Open,2018-07-16
,720514,Generate Yearly Report for Vendor,WI4,Open,2017-03-25
,221272,Research Client Check Copy,WI2,Open,2017-12-28
,111175,Calculate Client Security Hash,WI5,Open,2017-12-14
,881761,Verify Account Position,WI1,Open,2018-05-17
,254541,Verify Account Position,WI1,Open,2018-09-16
,783925,Calculate Client Security Hash,WI5,Open,2018-02-23
,158884,Generate Yearly Report for Vendor,WI4,Open,2018-08-06
,873301,Verify Account Position,WI1,Open,2018-10-31
,824415,Calculate Client Security Hash,WI5,Open,2017-05-08
,739101,Verify Account Position,WI1,Open,2018-11-21
,999394,Generate Yearly Report for Vendor,WI4,Open,2018-09-12
,610892,Research Client Check Copy,WI2,Open,2018-04-10
,121004,Generate Yearly Report for Vendor,WI4,Open,2017-03-28
,880941,Verify Account Position,WI1,Open,2017-10-19
,696421,Verify Account Position,WI1,Open,2017-04-20
,726244,Generate Yearly Report for Vendor,WI4,Open,2017-12-29
,828112,Research Client Check Copy,WI2,Open,2017-08-12
,984143,Process Vendor Invoice,WI3,Open,2017-05-21
,303251,Verify Account Position,WI1,Open,2017-04-06
,188173,Process Vendor Invoice,WI3,Open,2018-01-24
,875322,Research Client Check Copy,WI2,Open,2018-07-15
,261254,Generate Yearly Report for Vendor,WI4,Open,2017-07-17
,255225,Calculate Client Security Hash,WI5,Open,2017-05-13
,753633,Process Vendor Invoice,WI3,Open,2018-05-03
,543452,Research Client Check Copy,WI2,Open,2018-04-24
,462873,Process Vendor Invoice,WI3,Open,2017-04-04
,394722,Research Client Check Copy,WI2,Open,2018-01-13
,280292,Research Client Check Copy,WI2,Open,2018-12-08
,488312,Research Client Check Copy,WI2,Open,2018-06-28
,186632,Research Client Check Copy,WI2,Open,2018-04-21
,180532,Research Client Check Copy,WI2,Open,2018-07-25
,523142,Research Client Check Copy,WI2,Open,2017-09-21
,901722,Research Client Check Copy,WI2,Open,2018-12-20
,127761,Verify Account Position,WI1,Open,2017-04-04
,158605,Calculate Client Security Hash,WI5,Open,2017-12-25
,451314,Generate Yearly Report for Vendor,WI4,Open,2017-07-04
,945982,Research Client Check Copy,WI2,Open,2018-04-08
,226053,Process Vendor Invoice,WI3,Open,2017-03-04
